{
  "project_info": {
    "project_number": "404268211310",
    "project_id": "jumiacash-1b7e6",
    "storage_bucket": "jumiacash-1b7e6.appspot.com"
  },
  "client": [
    {
      "client_info": {
        "mobilesdk_app_id": "1:404268211310:android:4e9f210523c4048a91da7f",
        "android_client_info": {
          "package_name": "online.jumiacash.jumiamoney"
        }
      },
      "oauth_client": [],
      "api_key": [
        {
          "current_key": "AIzaSyAV49VWuEWlFGBRdFLqfoBI3_C1XlbDlHw"
        }
      ],
      "services": {
        "appinvite_service": {
          "other_platform_oauth_client": []
        }
      }
    }
  ],
  "configuration_version": "1"
}